id, type, gender, skin tone, count, accessories
1000, Human, Female, Dark, 3, Dark Hair / Rosy Cheeks / Cigarette
1001, Human, Male, Medium, 3, Luxurious Beard / Peak Spike / Nerd Glasses
1002, Human, Male, Albino, 1, Mohawk Dark
1003, Human, Male, Light, 2, Frumpy Hair / Nerd Glasses
1004, Human, Female, Dark, 2, Messy Hair / Black Lipstick
1005, Human, Male, Light, 2, Purple Hair / Regular Shades
1006, Human, Male, Dark, 2, Wild Hair / Regular Shades
1007, Human, Male, Light, 3, Vampire Hair / Earring / Regular Shades
1008, Human, Male, Dark, 3, Luxurious Beard / Cap Forward / Earring
1009, Human, Male, Light, 2, Luxurious Beard / Cap
1010, Human, Female, Light, 3, Pink With Hat / Classic Shades / Earring
1011, Human, Female, Albino, 2, Stringy Hair / Earring
1012, Human, Male, Medium, 2, Mohawk Thin / Eye Patch
1013, Human, Male, Albino, 2, Fedora / Clown Eyes Green
1014, Human, Male, Dark, 2, Luxurious Beard / Cap Forward
1015, Human, Female, Dark, 2, Messy Hair / Silver Chain
1016, Human, Male, Medium, 4, Buck Teeth / Horned Rim Glasses / Normal Beard / Headband
1017, Human, Male, Dark, 3, Goat / Top Hat / Mole
1018, Human, Male, Light, 2, Front Beard / Top Hat
1019, Human, Male, Dark, 3, Chinstrap / Headband / Regular Shades
1020, Human, Male, Albino, 4, Stringy Hair / Cigarette / Gold Chain / Eye Patch
1021, Ape, Male, , 2, Cap / Eye Patch
1022, Human, Male, Medium, 2, Mohawk Thin / Mole
1023, Human, Female, Dark, 2, Headband / Hot Lipstick
1024, Human, Female, Dark, 4, Hot Lipstick / Wild Hair / Earring / Clown Eyes Blue
1025, Human, Male, Medium, 2, Bandana / Earring
1026, Human, Male, Medium, 3, Clown Eyes Blue / Peak Spike / Mole
1027, Human, Male, Dark, 3, Eye Mask / Hoodie / Handlebars
1028, Human, Male, Light, 2, Mohawk Thin / Big Shades
1029, Human, Male, Dark, 2, Mustache / Horned Rim Glasses
1030, Human, Male, Medium, 2, Muttonchops / Fedora
1031, Human, Male, Medium, 2, Cap Forward / Small Shades
1032, Human, Female, Light, 2, Straight Hair Dark / Nerd Glasses
1033, Human, Female, Light, 2, Messy Hair / Hot Lipstick
1034, Human, Male, Medium, 4, Normal Beard Black / Hoodie / Big Shades / Earring
1035, Human, Female, Dark, 2, Black Lipstick / Wild Hair
1036, Human, Male, Light, 2, Mohawk Thin / Classic Shades
1037, Human, Female, Medium, 2, Orange Side / Blue Eye Shadow
1038, Human, Female, Light, 3, Wild Blonde / Regular Shades / Purple Lipstick
1039, Human, Female, Dark, 3, Messy Hair / Hot Lipstick / Clown Eyes Blue
1040, Human, Female, Dark, 2, Earring / Mohawk Dark
1041, Human, Female, Albino, 4, Vape / Mohawk / Purple Eye Shadow / Hot Lipstick
1042, Human, Female, Light, 2, Classic Shades / Half Shaved
1043, Human, Female, Medium, 3, Tassle Hat / Regular Shades / Purple Lipstick
1044, Human, Male, Light, 2, Normal Beard / VR
1045, Human, Male, Albino, 2, Earring / Shaved Head
1046, Human, Female, Medium, 3, Hot Lipstick / Wild Blonde / Earring
1047, Human, Male, Light, 1, Mohawk Dark
1048, Human, Male, Medium, 2, Stringy Hair / Front Beard Dark
1049, Human, Male, Light, 2, Crazy Hair / Smile
1050, Human, Female, Medium, 0, 
1051, Human, Female, Light, 3, Mole / Tassle Hat / Hot Lipstick
1052, Human, Female, Dark, 3, Bandana / Purple Lipstick / Earring
1053, Human, Male, Albino, 3, Cap Forward / Nerd Glasses / Big Beard
1054, Human, Male, Light, 3, Stringy Hair / Earring / Goat
1055, Human, Female, Albino, 3, Horned Rim Glasses / Hot Lipstick / Wild Blonde
1056, Human, Male, Dark, 2, Peak Spike / Handlebars
1057, Human, Male, Medium, 2, Messy Hair / Front Beard Dark
1058, Human, Male, Light, 2, Normal Beard Black / Headband
1059, Human, Male, Medium, 3, Frumpy Hair / Big Shades / Earring
1060, Human, Male, Light, 2, Eye Mask / Cowboy Hat
1061, Human, Male, Light, 2, Messy Hair / Classic Shades
1062, Human, Male, Medium, 3, Cigarette / Shadow Beard / Crazy Hair
1063, Human, Male, Dark, 2, Peak Spike / Shadow Beard
1064, Human, Male, Light, 2, Front Beard / Wild Hair
1065, Human, Female, Light, 2, Crazy Hair / Earring
1066, Human, Male, Dark, 2, Frumpy Hair / Small Shades
1067, Human, Male, Albino, 3, Front Beard / Horned Rim Glasses / Mohawk
1068, Human, Male, Medium, 2, Mohawk / Big Beard
1069, Human, Male, Light, 1, Cap
1070, Human, Female, Medium, 2, Pink With Hat / Earring
1071, Human, Female, Dark, 2, Stringy Hair / Purple Lipstick
1072, Human, Male, Light, 3, Stringy Hair / Eye Mask / Chinstrap
1073, Human, Female, Medium, 3, Purple Lipstick / Mohawk Dark / Clown Eyes Blue
1074, Human, Male, Light, 2, Normal Beard Black / Cowboy Hat
1075, Human, Male, Dark, 4, Cap / Big Shades / Chinstrap / Earring
1076, Human, Female, Medium, 2, Half Shaved / Clown Eyes Blue
1077, Human, Male, Light, 2, Mustache / Mohawk Dark
1078, Human, Male, Medium, 2, Eye Mask / Hoodie
1079, Human, Male, Dark, 1, Purple Hair
1080, Human, Male, Light, 2, Hoodie / Classic Shades
1081, Human, Female, Light, 3, Blue Eye Shadow / Frumpy Hair / Cigarette
1082, Human, Female, Albino, 1, Wild Blonde
1083, Human, Female, Medium, 3, Straight Hair Blonde / VR / Earring
1084, Human, Male, Medium, 2, Nerd Glasses / Shaved Head
1085, Human, Male, Light, 3, Cigarette / Big Shades / Mohawk Dark
1086, Human, Female, Dark, 1, Blonde Short
1087, Human, Female, Albino, 2, Mole / Frumpy Hair
1088, Human, Male, Dark, 3, Clown Nose / Classic Shades / Shaved Head
1089, Human, Male, Light, 2, Chinstrap / Knitted Cap
1090, Human, Female, Dark, 2, Mohawk Thin / Purple Lipstick
1091, Human, Male, Dark, 2, Vampire Hair / Clown Eyes Blue
1092, Human, Female, Albino, 3, Spots / Blonde Short / Cigarette
1093, Human, Male, Medium, 4, Buck Teeth / Peak Spike / Mustache / Small Shades
1094, Human, Male, Light, 3, Hoodie / Chinstrap / Classic Shades
1095, Human, Male, Light, 3, Frumpy Hair / Luxurious Beard / Earring
1096, Human, Female, Light, 2, Black Lipstick / Mohawk Dark
1097, Human, Male, Light, 3, Frumpy Hair / Nerd Glasses / Mole
1098, Human, Male, Dark, 2, Bandana / Earring
1099, Human, Male, Dark, 1, Top Hat
1100, Human, Male, Light, 3, Vampire Hair / Frown / Nerd Glasses
1101, Human, Male, Light, 3, Messy Hair / Handlebars / Nerd Glasses
1102, Human, Female, Light, 4, Clown Nose / Black Lipstick / Straight Hair / Clown Eyes Blue
1103, Human, Male, Medium, 2, Peak Spike / Nerd Glasses
1104, Human, Male, Dark, 3, Messy Hair / Eye Mask / Earring
1105, Human, Male, Light, 3, Luxurious Beard / Gold Chain / Wild Hair
1106, Human, Male, Dark, 3, Cigarette / Luxurious Beard / Peak Spike
1107, Human, Female, Albino, 2, Hot Lipstick / Mohawk Dark
1108, Human, Male, Dark, 2, Luxurious Beard / Hoodie
1109, Human, Male, Dark, 2, Mohawk Thin / Small Shades
1110, Human, Female, Medium, 4, Purple Eye Shadow / Wild Hair / Purple Lipstick / Earring
1111, Human, Male, Light, 3, Peak Spike / Shadow Beard / Silver Chain
1112, Human, Male, Albino, 2, Bandana / Regular Shades
1113, Human, Male, Albino, 4, Cigarette / Front Beard Dark / Knitted Cap / Eye Patch
1114, Human, Male, Medium, 2, Chinstrap / Purple Hair
1115, Human, Female, Medium, 2, Wild White Hair / Hot Lipstick
1116, Human, Male, Dark, 2, Shadow Beard / Cowboy Hat
1117, Human, Male, Medium, 3, Mohawk Thin / Shadow Beard / Horned Rim Glasses
1118, Human, Male, Albino, 2, Cap Forward / Smile
1119, Zombie, Male, , 3, Shadow Beard / Do-rag / Eye Patch
1120, Human, Female, Light, 2, Hot Lipstick / Wild Hair
1121, Human, Male, Medium, 2, Mohawk Thin / Big Shades
1122, Human, Male, Medium, 2, Small Shades / Mohawk Dark
1123, Human, Female, Medium, 3, Medical Mask / Straight Hair Blonde / 3D Glasses
1124, Human, Male, Medium, 4, Handlebars / Earring / Nerd Glasses / Mohawk Dark
1125, Human, Male, Dark, 2, Bandana / Big Shades
1126, Human, Male, Medium, 3, Messy Hair / Chinstrap / VR
1127, Human, Male, Dark, 2, Purple Hair / Big Beard
1128, Human, Male, Light, 2, Frumpy Hair / Shadow Beard
1129, Human, Male, Dark, 3, Front Beard / Purple Hair / Vape
1130, Human, Female, Dark, 2, Dark Hair / Nerd Glasses
1131, Human, Male, Light, 2, Cigarette / Cap Forward
1132, Human, Male, Dark, 2, Big Shades / Wild Hair
1133, Human, Male, Light, 2, Frown / Mohawk Thin
1134, Human, Male, Light, 3, Wild Hair / Nerd Glasses / Goat
1135, Human, Male, Light, 3, Gold Chain / Earring / Shaved Head
1136, Human, Male, Light, 4, Muttonchops / Wild Hair / Earring / Small Shades
1137, Human, Male, Light, 3, Shadow Beard / Earring / Mohawk Dark
1138, Human, Female, Light, 3, Messy Hair / Cigarette / Nerd Glasses
1139, Human, Female, Medium, 4, Mole / Eye Patch / Hot Lipstick / Dark Hair
1140, Human, Female, Dark, 3, Wild White Hair / Purple Lipstick / Earring
1141, Human, Female, Medium, 2, Mohawk / Earring
1142, Human, Female, Medium, 2, Tassle Hat / Black Lipstick
1143, Human, Male, Dark, 2, Bandana / Front Beard Dark
1144, Human, Male, Medium, 2, Peak Spike / Muttonchops
1145, Human, Male, Dark, 2, Cap / Earring
1146, Human, Male, Light, 2, Mohawk / Eye Patch
1147, Human, Male, Medium, 2, Shaved Head / 3D Glasses
1148, Human, Female, Medium, 3, Eye Patch / Wild Blonde / Earring
1149, Human, Female, Light, 2, Hot Lipstick / Mohawk Dark
1150, Human, Female, Light, 2, Black Lipstick / Straight Hair
1151, Human, Female, Medium, 1, Knitted Cap
1152, Human, Male, Light, 2, Purple Hair / Eye Patch
1153, Human, Male, Light, 3, Messy Hair / Mustache / Earring
1154, Human, Male, Light, 2, Frown / Purple Hair
1155, Human, Male, Dark, 3, Front Beard / Frumpy Hair / Nerd Glasses
1156, Human, Female, Medium, 2, Wild White Hair / Purple Lipstick
1157, Human, Female, Medium, 1, Black Lipstick
1158, Human, Female, Dark, 2, Mole / Crazy Hair
1159, Human, Female, Medium, 2, Black Lipstick / Wild Blonde
1160, Human, Male, Dark, 3, Earring / Knitted Cap / Small Shades
1161, Human, Female, Medium, 2, Messy Hair / Nerd Glasses
1162, Human, Female, Light, 4, Spots / Welding Goggles / Straight Hair Blonde / Hot Lipstick
1163, Human, Female, Light, 3, Mole / Blue Eye Shadow / Pink With Hat
1164, Human, Male, Medium, 2, Cap Forward / Regular Shades
1165, Human, Female, Medium, 3, Cap / Vape / Hot Lipstick
1166, Human, Male, Dark, 2, Fedora / Goat
1167, Human, Male, Light, 2, Police Cap / Horned Rim Glasses
1168, Human, Male, Medium, 2, Vampire Hair / Handlebars
1169, Human, Female, Light, 2, Wild Hair / Purple Lipstick
1170, Human, Male, Medium, 2, Front Beard / Shaved Head
1171, Human, Male, Light, 2, Frown / Shaved Head
1172, Human, Male, Dark, 4, Cigarette / Cap Forward / Shadow Beard / Nerd Glasses
1173, Human, Female, Light, 2, Mohawk / Clown Eyes Blue
1174, Human, Female, Albino, 2, Pipe / Wild Hair
1175, Human, Male, Light, 2, Shaved Head / Eye Patch
1176, Human, Female, Light, 2, Vape / Mohawk Dark
1177, Human, Male, Dark, 2, Hoodie / Normal Beard
1178, Human, Male, Medium, 2, Headband / Pipe
1179, Human, Male, Medium, 2, Classic Shades / Mohawk Dark
1180, Human, Male, Medium, 2, Muttonchops / Mohawk
1181, Human, Male, Light, 3, Cigarette / Bandana / Muttonchops
1182, Human, Male, Dark, 3, Hoodie / Nerd Glasses / Goat
1183, Human, Male, Albino, 5, Cap / Big Shades / Gold Chain / Muttonchops / Earring
1184, Human, Male, Dark, 2, Crazy Hair / Mole
1185, Human, Male, Light, 4, Handlebars / Vape / VR / Mohawk
1186, Human, Female, Medium, 4, Black Lipstick / Bandana / Purple Eye Shadow / Earring
1187, Human, Female, Albino, 2, Straight Hair / Cigarette
1188, Human, Male, Medium, 3, Wild Hair / Normal Beard / 3D Glasses
1189, Human, Male, Dark, 2, Mohawk Thin / Spots
1190, Zombie, Male, , 4, Cigarette / Bandana / Handlebars / Earring
1191, Human, Male, Light, 2, Front Beard / Messy Hair
1192, Human, Male, Albino, 3, Purple Hair / Earring / Goat
1193, Human, Male, Medium, 4, Spots / Mustache / Crazy Hair / Smile
1194, Human, Male, Dark, 2, Goat / Mohawk
1195, Human, Male, Light, 2, Headband / Eye Patch
1196, Human, Female, Albino, 3, Clown Eyes Green / Earring / Mohawk Dark
1197, Human, Female, Albino, 1, Blonde Short
1198, Human, Female, Light, 4, Gold Chain / Horned Rim Glasses / Clown Hair Green / Hot Lipstick
1199, Human, Female, Medium, 3, Tassle Hat / Green Eye Shadow / Earring
1200, Human, Female, Dark, 1, Black Lipstick
1201, Human, Male, Light, 2, Normal Beard Black / Knitted Cap
1202, Human, Male, Light, 2, Big Beard / Mohawk Dark
1203, Human, Male, Albino, 3, Wild Hair / Nerd Glasses / Big Beard
1204, Human, Female, Medium, 2, Pigtails / Hot Lipstick
1205, Human, Female, Medium, 2, Crazy Hair / Earring
1206, Human, Female, Medium, 2, Half Shaved / Purple Lipstick
1207, Human, Male, Light, 2, Front Beard / Fedora
1208, Human, Male, Albino, 1, Bandana
1209, Human, Female, Albino, 2, VR / Mohawk Dark
1210, Human, Female, Light, 4, Purple Eye Shadow / Wild Blonde / Purple Lipstick / Cigarette
1211, Human, Male, Dark, 2, Cap Forward / Smile
1212, Human, Female, Dark, 2, Green Eye Shadow / Wild Hair
1213, Human, Male, Light, 2, Luxurious Beard / Mohawk
1214, Human, Female, Medium, 3, Eye Patch / Half Shaved / Purple Lipstick
1215, Human, Male, Light, 2, Earring / Headband
1216, Human, Male, Light, 1, Purple Hair
1217, Human, Female, Light, 2, Bandana / Purple Lipstick
1218, Human, Male, Albino, 1, Stringy Hair
1219, Human, Male, Light, 2, Hoodie / Eye Patch
1220, Human, Female, Light, 2, Pink With Hat / Purple Lipstick
1221, Human, Male, Light, 1, Cowboy Hat
1222, Human, Male, Albino, 4, Earring / Horned Rim Glasses / Crazy Hair / Big Beard
1223, Human, Male, Light, 2, Cap / Handlebars
1224, Human, Female, Medium, 3, Purple Eye Shadow / Headband / Cigarette
1225, Human, Female, Albino, 3, Black Lipstick / Straight Hair Blonde / Earring
1226, Human, Male, Dark, 4, Messy Hair / Shadow Beard / Earring / Medical Mask
1227, Human, Female, Dark, 3, Wild Blonde / Purple Lipstick / Earring
1228, Human, Male, Medium, 3, Handlebars / Fedora / Classic Shades
1229, Human, Male, Light, 2, Goat / Clown Hair Green
1230, Human, Male, Dark, 2, Frumpy Hair / VR
1231, Human, Male, Light, 4, Cigarette / Front Beard / Bandana / Eye Mask
1232, Human, Female, Medium, 1, Pigtails
1233, Human, Female, Light, 3, Vape / Knitted Cap / Hot Lipstick
1234, Human, Female, Light, 2, Blue Eye Shadow / Stringy Hair
1235, Human, Male, Dark, 4, Cigarette / Horned Rim Glasses / Goat / Knitted Cap
1236, Human, Male, Light, 2, Muttonchops / Mohawk
1237, Human, Female, Light, 1, Pigtails
1238, Human, Male, Light, 2, Do-rag / Regular Shades
1239, Human, Male, Medium, 2, Cap Forward / Big Shades
1240, Human, Male, Dark, 2, Messy Hair / 3D Glasses
1241, Human, Male, Albino, 2, Goat / Shaved Head
1242, Human, Male, Medium, 2, Cap / Shadow Beard
1243, Human, Female, Light, 2, Purple Eye Shadow / Wild Blonde
1244, Human, Male, Medium, 2, Purple Hair / Mole
1245, Human, Female, Medium, 4, Clown Eyes Green / Blonde Short / Hot Lipstick / Earring
1246, Human, Female, Dark, 4, Hot Lipstick / Dark Hair / Earring / Nerd Glasses
1247, Human, Female, Albino, 3, Clown Eyes Green / Crazy Hair / Purple Lipstick
1248, Human, Female, Light, 2, Mohawk Thin / Earring
1249, Human, Female, Medium, 4, Black Lipstick / Mohawk Thin / Earring / Cigarette
1250, Human, Male, Medium, 4, Hoodie / Pipe / Small Shades / Mole
1251, Human, Female, Light, 3, Black Lipstick / Blonde Bob / Nerd Glasses
1252, Human, Male, Medium, 3, Bandana / Luxurious Beard / Earring
1253, Human, Female, Albino, 3, Purple Lipstick / Earring / Blonde Bob
1254, Human, Male, Dark, 3, Mohawk Thin / Earring / Clown Eyes Green
1255, Human, Female, Light, 2, Knitted Cap / Hot Lipstick
1256, Human, Male, Light, 3, Earring / Do-rag / Regular Shades
1257, Human, Male, Dark, 3, Classic Shades / Earring / Do-rag
1258, Human, Male, Medium, 3, Cap / Big Shades / Earring
1259, Human, Male, Medium, 4, Front Beard Dark / Earring / Shaved Head / Small Shades
1260, Human, Female, Albino, 4, Big Shades / Crazy Hair / Rosy Cheeks / Earring
1261, Human, Female, Light, 2, Clown Eyes Green / Blonde Bob
1262, Human, Male, Medium, 3, Purple Hair / Earring / Normal Beard
1263, Human, Male, Light, 2, Wild Hair / Normal Beard
1264, Human, Female, Albino, 2, Straight Hair / Classic Shades
1265, Human, Female, Dark, 4, Eye Mask / Dark Hair / Purple Lipstick / Earring
1266, Human, Male, Medium, 2, Cap / Smile
1267, Human, Female, Light, 2, Purple Eye Shadow / Crazy Hair
1268, Human, Female, Light, 2, Clown Hair Green / Earring
1269, Human, Male, Dark, 3, Cap Forward / Chinstrap / Eye Patch
1270, Human, Male, Light, 3, Shadow Beard / Crazy Hair / Regular Shades
1271, Human, Male, Light, 5, Big Shades / Spots / Purple Hair / Earring / Pipe
1272, Human, Female, Medium, 2, Tassle Hat / VR
1273, Human, Female, Light, 2, Dark Hair / Cigarette
1274, Human, Male, Medium, 3, Shadow Beard / Top Hat / Regular Shades
1275, Human, Male, Dark, 2, Chinstrap / Knitted Cap
1276, Human, Female, Dark, 3, Messy Hair / Black Lipstick / Purple Eye Shadow
1277, Human, Female, Dark, 3, Mohawk Thin / Hot Lipstick / Earring
1278, Human, Male, Albino, 2, Normal Beard Black / Mohawk Dark
1279, Human, Male, Dark, 2, Police Cap / Earring
1280, Human, Male, Dark, 3, Messy Hair / Clown Nose / Small Shades
1281, Human, Male, Dark, 2, Cigarette / Messy Hair
1282, Human, Male, Light, 2, Peak Spike / Big Shades
1283, Human, Male, Light, 4, Eye Mask / Peak Spike / Handlebars / Earring
1284, Human, Male, Light, 3, Big Shades / Mustache / Crazy Hair
1285, Human, Male, Light, 4, Mustache / Earring / Top Hat / Regular Shades
1286, Human, Male, Medium, 2, Stringy Hair / Cigarette
1287, Human, Male, Albino, 2, Cap / Silver Chain
1288, Human, Male, Medium, 2, Cap Forward / Pipe
1289, Human, Female, Dark, 3, Eye Patch / Dark Hair / Purple Lipstick
1290, Human, Male, Light, 2, Front Beard / Shaved Head
1291, Human, Female, Medium, 3, Frumpy Hair / Purple Lipstick / Nerd Glasses
1292, Human, Male, Medium, 3, Stringy Hair / Muttonchops / Classic Shades
1293, Human, Female, Medium, 3, Pipe / Green Eye Shadow / Straight Hair Blonde
1294, Human, Male, Light, 3, Front Beard Dark / Fedora / Mole
1295, Human, Female, Dark, 4, Black Lipstick / Stringy Hair / Earring / Clown Eyes Blue
1296, Human, Female, Dark, 3, Wild Hair / Earring / Clown Eyes Blue
1297, Human, Male, Dark, 3, Earring / Small Shades / Mohawk Dark
1298, Human, Male, Light, 2, Cap Forward / Front Beard Dark
1299, Human, Female, Dark, 3, Purple Eye Shadow / Hot Lipstick / Frumpy Hair
1300, Human, Male, Medium, 3, Stringy Hair / Muttonchops / Eye Patch
1301, Human, Male, Light, 2, Earring / Crazy Hair
1302, Human, Female, Dark, 2, Headband / Classic Shades
1303, Human, Male, Medium, 3, Frown / Handlebars / Cowboy Hat
1304, Human, Male, Albino, 3, Earring / Goat / Knitted Cap
1305, Human, Male, Medium, 2, Shadow Beard / Fedora
1306, Human, Male, Dark, 2, Stringy Hair / Earring
1307, Human, Male, Light, 2, Stringy Hair / Nerd Glasses
1308, Human, Male, Medium, 2, Normal Beard Black / Purple Hair
1309, Human, Male, Light, 3, Chinstrap / Horned Rim Glasses / Knitted Cap
1310, Human, Male, Dark, 3, Stringy Hair / Vape / Classic Shades
1311, Human, Female, Medium, 3, Messy Hair / Spots / Hot Lipstick
1312, Human, Male, Light, 3, Do-rag / Small Shades / Mole
1313, Human, Female, Light, 2, Wild Hair / Cigarette
1314, Human, Male, Medium, 3, Bandana / Eye Mask / Earring
1315, Human, Female, Light, 1, Stringy Hair
1316, Human, Male, Light, 2, Frumpy Hair / Front Beard Dark
1317, Human, Male, Dark, 3, Normal Beard Black / Police Cap / Eye Patch
1318, Human, Female, Dark, 3, Clown Nose / Blue Eye Shadow / Straight Hair
1319, Human, Male, Dark, 2, Luxurious Beard / Peak Spike
1320, Human, Male, Medium, 4, Eye Mask / Purple Hair / Mustache / Earring
1321, Human, Male, Light, 2, Classic Shades / Shaved Head
1322, Human, Male, Dark, 3, Earring / Shaved Head / Mole
1323, Human, Male, Albino, 2, Wild Hair / Mole
1324, Human, Male, Medium, 3, Frumpy Hair / Earring / Regular Shades
1325, Human, Male, Dark, 2, Frumpy Hair / Big Shades
1326, Human, Male, Dark, 2, Shaved Head / 3D Glasses
1327, Human, Male, Dark, 2, Chinstrap / Fedora
1328, Human, Female, Light, 2, Big Shades / Half Shaved
1329, Human, Female, Medium, 3, Mole / Blonde Short / Regular Shades
1330, Human, Male, Light, 1, Police Cap
1331, Human, Male, Medium, 2, Peak Spike / Normal Beard
1332, Human, Female, Dark, 2, Crazy Hair / Earring
1333, Human, Female, Medium, 3, Wild White Hair / Silver Chain / Eye Patch
1334, Human, Male, Light, 2, Mohawk Thin / Eye Patch
1335, Human, Male, Light, 2, Cap / Shadow Beard
1336, Human, Male, Light, 3, Front Beard / Frumpy Hair / Horned Rim Glasses
1337, Human, Male, Light, 2, Bandana / Handlebars
1338, Human, Male, Dark, 2, Smile / Shaved Head
1339, Human, Female, Dark, 3, Black Lipstick / Green Eye Shadow / Stringy Hair
1340, Human, Female, Light, 2, Clown Eyes Green / Mohawk Dark
1341, Human, Female, Dark, 2, Horned Rim Glasses / Wild Blonde
1342, Human, Female, Medium, 3, Messy Hair / Black Lipstick / Cigarette
1343, Human, Male, Dark, 2, Wild Hair / Earring
1344, Human, Male, Light, 2, Messy Hair / Mustache
1345, Human, Female, Dark, 3, Mole / Stringy Hair / Clown Eyes Blue
1346, Human, Female, Dark, 3, Black Lipstick / Green Eye Shadow / Wild Blonde
1347, Human, Male, Light, 2, Frumpy Hair / Goat
1348, Human, Male, Light, 4, Normal Beard Black / Earring / Crazy Hair / 3D Glasses
1349, Human, Male, Light, 2, Wild Hair / Mustache
1350, Human, Female, Medium, 2, Black Lipstick / Stringy Hair
1351, Human, Male, Medium, 4, Silver Chain / Mustache / Knitted Cap / Regular Shades
1352, Human, Female, Dark, 2, Horned Rim Glasses / Half Shaved
1353, Human, Male, Dark, 2, Nerd Glasses / Crazy Hair
1354, Human, Female, Medium, 2, Pigtails / Regular Shades
1355, Human, Female, Dark, 1, Blonde Bob
1356, Human, Male, Light, 2, Bandana / Eye Mask
1357, Human, Female, Medium, 4, Mole / Hot Lipstick / Classic Shades / Straight Hair Dark
1358, Human, Male, Albino, 5, Gold Chain / Shadow Beard / Vape / Earring / Mohawk
1359, Human, Male, Dark, 2, Headband / Smile
1360, Human, Male, Light, 2, Stringy Hair / Cigarette
1361, Human, Male, Dark, 2, Mohawk / 3D Glasses
1362, Human, Male, Medium, 2, Stringy Hair / Spots
1363, Human, Male, Light, 4, Front Beard / Spots / Wild Hair / Horned Rim Glasses
1364, Human, Female, Dark, 2, Pink With Hat / Hot Lipstick
1365, Human, Male, Light, 3, Normal Beard / VR / Mohawk Dark
1366, Human, Male, Albino, 4, Frumpy Hair / Shadow Beard / Earring / Horned Rim Glasses
1367, Human, Female, Dark, 3, Welding Goggles / Purple Lipstick / Mohawk Dark
1368, Human, Male, Medium, 4, Normal Beard Black / Earring / Knitted Cap / Eye Patch
1369, Human, Female, Medium, 2, Knitted Cap / Clown Eyes Blue
1370, Human, Male, Light, 4, Messy Hair / Handlebars / Vape / Earring
1371, Human, Female, Albino, 2, Blue Eye Shadow / Tiara
1372, Human, Female, Dark, 2, Horned Rim Glasses / Dark Hair
1373, Human, Male, Light, 3, Frumpy Hair / Classic Shades / Earring
1374, Zombie, Male, , 3, Big Shades / Earring / Mohawk Dark
1375, Human, Male, Medium, 3, Cigarette / Shaved Head / Eye Patch
1376, Human, Male, Dark, 3, Messy Hair / Luxurious Beard / Earring
1377, Human, Female, Light, 3, Mohawk Thin / Hot Lipstick / Cigarette
1378, Human, Male, Dark, 2, Chinstrap / Wild Hair
1379, Human, Female, Light, 3, Purple Eye Shadow / Headband / Purple Lipstick
1380, Human, Male, Medium, 4, Bandana / Shadow Beard / Classic Shades / Smile
1381, Human, Male, Dark, 2, Stringy Hair / Front Beard
1382, Human, Female, Dark, 4, Clown Nose / Stringy Hair / Earring / Cigarette
1383, Human, Male, Albino, 2, Wild Hair / Classic Shades
1384, Human, Male, Light, 2, Cigarette / Mohawk Thin
1385, Human, Male, Light, 3, Peak Spike / Goat / Small Shades
1386, Human, Female, Light, 3, Mole / Tassle Hat / Clown Nose
1387, Human, Male, Light, 2, Frumpy Hair / Earring
1388, Human, Female, Dark, 2, Black Lipstick / Straight Hair
1389, Human, Female, Light, 3, Black Lipstick / Straight Hair Blonde / VR
1390, Human, Female, Medium, 3, Blue Eye Shadow / Earring / Blonde Bob
1391, Human, Male, Dark, 3, Clown Nose / Hoodie / Eye Patch
1392, Human, Female, Light, 2, Classic Shades / Stringy Hair
1393, Human, Male, Dark, 4, Mohawk Thin / Big Shades / Normal Beard / Medical Mask
1394, Human, Male, Medium, 2, Cigarette / Peak Spike
1395, Human, Male, Dark, 2, Luxurious Beard / Mohawk
1396, Human, Male, Medium, 3, Frumpy Hair / Gold Chain / Earring
1397, Human, Male, Dark, 3, Mustache / Horned Rim Glasses / Do-rag
1398, Human, Male, Medium, 3, Bandana / Spots / Shadow Beard
1399, Human, Female, Medium, 3, Black Lipstick / Wild Hair / Earring
1400, Human, Male, Light, 4, Eye Mask / Chinstrap / Knitted Cap / Mole
1401, Human, Male, Dark, 2, Peak Spike / Normal Beard
1402, Human, Male, Light, 3, Clown Eyes Blue / Shadow Beard / Knitted Cap
1403, Human, Male, Dark, 2, Stringy Hair / Small Shades
1404, Human, Male, Light, 2, Handlebars / Do-rag
1405, Human, Male, Medium, 3, Cigarette / Clown Eyes Blue / Mohawk
1406, Human, Male, Light, 2, Front Beard / Cap Forward
1407, Human, Male, Dark, 2, Medical Mask / Mohawk
1408, Human, Male, Light, 2, Nerd Glasses / Mohawk
1409, Human, Male, Medium, 2, Police Cap / Earring
1410, Human, Female, Medium, 2, Black Lipstick / Mohawk
1411, Human, Female, Light, 2, Regular Shades / Blonde Bob
1412, Human, Male, Light, 3, Messy Hair / Chinstrap / Small Shades
1413, Human, Female, Dark, 3, Black Lipstick / Frumpy Hair / Cigarette
1414, Human, Female, Light, 3, Earring / Blonde Bob / Clown Eyes Blue
1415, Human, Female, Dark, 3, Cap / Black Lipstick / Clown Eyes Blue
1416, Human, Male, Light, 3, Stringy Hair / Earring / Mole
1417, Human, Female, Dark, 2, Classic Shades / Stringy Hair
1418, Human, Female, Albino, 3, Black Lipstick / Frumpy Hair / Regular Shades
1419, Human, Male, Albino, 2, Frumpy Hair / Big Shades
1420, Human, Female, Medium, 3, Blue Eye Shadow / Purple Lipstick / Blonde Bob
1421, Human, Male, Light, 2, Big Shades / Purple Hair
1422, Human, Male, Light, 3, Clown Eyes Blue / Hoodie / Pipe
1423, Human, Male, Light, 2, Mohawk Thin / Small Shades
1424, Human, Male, Medium, 4, Cigarette / Nerd Glasses / Goat / Headband
1425, Human, Male, Medium, 3, Vampire Hair / Chinstrap / Smile
1426, Human, Female, Albino, 2, Medical Mask / Stringy Hair
1427, Human, Female, Light, 2, Bandana / Cigarette
1428, Human, Female, Light, 2, Blonde Short / Clown Eyes Blue
1429, Human, Male, Dark, 2, Peak Spike / Frown
1430, Human, Male, Dark, 4, Chinstrap / Earring / Horned Rim Glasses / Do-rag
1431, Human, Male, Dark, 3, Eye Mask / Luxurious Beard / Mohawk
1432, Human, Male, Light, 2, Big Shades / Do-rag
1433, Human, Female, Medium, 2, Gold Chain / Pilot Helmet
1434, Human, Female, Dark, 3, Straight Hair Blonde / Eye Patch / Earring
1435, Human, Male, Medium, 4, Muttonchops / Earring / Headband / Clown Eyes Green
1436, Human, Male, Dark, 2, Mohawk / Mole
1437, Human, Male, Light, 2, Wild Hair / Goat
1438, Human, Female, Medium, 1, Pilot Helmet
1439, Human, Male, Medium, 4, Stringy Hair / Muttonchops / Earring / 3D Glasses
1440, Human, Male, Medium, 2, Earring / Headband
1441, Human, Female, Dark, 4, Eye Mask / Frumpy Hair / Purple Lipstick / Earring
1442, Human, Female, Dark, 3, Eye Mask / Crazy Hair / Earring
1443, Human, Male, Medium, 2, Cap / Small Shades
1444, Human, Female, Medium, 2, Bandana / Classic Shades
1445, Human, Male, Medium, 2, Front Beard Dark / Headband
1446, Human, Female, Dark, 2, Pigtails / Hot Lipstick
1447, Human, Male, Albino, 4, Cigarette / Frown / Hoodie / Eye Patch
1448, Human, Male, Light, 3, Frumpy Hair / Pipe / VR
1449, Human, Female, Dark, 2, Big Shades / Bandana
1450, Human, Female, Medium, 3, Hot Lipstick / Mohawk Dark / 3D Glasses
1451, Human, Male, Light, 3, Bandana / Classic Shades / Earring
1452, Human, Female, Medium, 4, Mole / Bandana / Purple Lipstick / Earring
1453, Human, Female, Medium, 3, Purple Lipstick / Blonde Bob / Clown Eyes Blue
1454, Human, Female, Light, 2, Red Mohawk / Earring
1455, Human, Female, Medium, 4, Wild Blonde / Regular Shades / Purple Lipstick / Earring
1456, Human, Male, Medium, 2, Headband / Mole
1457, Human, Female, Light, 3, Mohawk Thin / Regular Shades / Cigarette
1458, Human, Male, Dark, 3, Cigarette / Peak Spike / Earring
1459, Human, Male, Dark, 3, Messy Hair / Luxurious Beard / Nerd Glasses
1460, Human, Male, Light, 2, Messy Hair / 3D Glasses
1461, Human, Female, Dark, 2, Straight Hair / Clown Eyes Blue
1462, Human, Male, Albino, 4, Earring / Headband / Eye Patch / Big Beard
1463, Human, Male, Dark, 3, Cigarette / Mohawk Thin / Earring
1464, Human, Male, Light, 2, Do-rag / Mole
1465, Human, Male, Medium, 3, Cigarette / Regular Shades / Mohawk Dark
1466, Human, Male, Medium, 2, Stringy Hair / Clown Eyes Green
1467, Human, Female, Medium, 2, Green Eye Shadow / Wild Hair
1468, Human, Female, Light, 2, Hot Lipstick / Straight Hair Dark
1469, Human, Male, Dark, 3, Stringy Hair / Muttonchops / Regular Shades
1470, Human, Female, Light, 3, Welding Goggles / Mohawk Thin / Purple Lipstick
1471, Human, Female, Dark, 2, Cap / Blue Eye Shadow
1472, Human, Male, Light, 2, Eye Mask / Hoodie
1473, Human, Male, Dark, 3, Messy Hair / Chinstrap / Earring
1474, Human, Male, Medium, 3, Peak Spike / Big Shades / Gold Chain
1475, Human, Female, Medium, 3, Mohawk / VR / Earring
1476, Human, Female, Dark, 3, Pipe / Dark Hair / Earring
1477, Human, Female, Medium, 3, Big Shades / Straight Hair / Earring
1478, Zombie, Male, , 2, Shadow Beard / Wild Hair
1479, Human, Female, Light, 2, Crazy Hair / VR
1480, Human, Male, Light, 3, Stringy Hair / Chinstrap / Small Shades
1481, Human, Male, Light, 2, Rosy Cheeks / Mohawk Dark
1482, Human, Male, Dark, 2, Cigarette / Mohawk
1483, Human, Male, Albino, 3, Frown / Top Hat / 3D Glasses
1484, Human, Male, Light, 3, Hoodie / Handlebars / Earring
1485, Human, Female, Dark, 3, Cap / Purple Eye Shadow / Earring
1486, Human, Male, Medium, 3, Mohawk Thin / Big Shades / Muttonchops
1487, Human, Female, Medium, 2, Black Lipstick / Frumpy Hair
1488, Human, Male, Light, 2, Shaved Head / 3D Glasses
1489, Human, Female, Light, 3, Wild White Hair / Purple Lipstick / Earring
1490, Human, Male, Medium, 3, Cap / Earring / Clown Eyes Green
1491, Human, Female, Medium, 3, Blue Eye Shadow / Clown Hair Green / Earring
1492, Human, Male, Light, 3, Police Cap / VR / Big Beard
1493, Human, Female, Dark, 5, Mole / Hot Lipstick / Regular Shades / Blonde Bob / Cigarette
1494, Human, Female, Medium, 3, Wild White Hair / Black Lipstick / Eye Patch
1495, Human, Female, Light, 2, Hot Lipstick / Dark Hair
1496, Human, Female, Medium, 2, Blonde Short / Welding Goggles
1497, Human, Male, Medium, 3, Shadow Beard / Earring / Knitted Cap
1498, Human, Female, Dark, 3, Big Shades / Crazy Hair / Earring
1499, Human, Male, Light, 2, Spots / Crazy Hair
1500, Human, Female, Light, 2, Mohawk Thin / Hot Lipstick
1501, Human, Male, Medium, 2, Police Cap / Shadow Beard
1502, Human, Male, Light, 2, Eye Mask / Shaved Head
1503, Human, Male, Dark, 3, Shadow Beard / Horned Rim Glasses / Headband
1504, Human, Female, Medium, 4, Black Lipstick / Green Eye Shadow / Frumpy Hair / Earring
1505, Human, Male, Dark, 3, Cigarette / Knitted Cap / VR
1506, Human, Male, Dark, 3, Peak Spike / Handlebars / Medical Mask
1507, Human, Male, Dark, 3, Earring / Smile / Cowboy Hat
1508, Human, Female, Light, 4, Black Lipstick / Horned Rim Glasses / Choker / Mohawk Dark
1509, Human, Male, Medium, 3, Peak Spike / Chinstrap / Nerd Glasses
1510, Human, Male, Light, 2, Cap / 3D Glasses
1511, Human, Male, Light, 2, Messy Hair / Goat
1512, Human, Female, Dark, 2, Mole / Mohawk Thin
1513, Human, Female, Light, 4, Mole / Black Lipstick / Welding Goggles / Frumpy Hair
1514, Human, Female, Dark, 3, Pink With Hat / Hot Lipstick / Regular Shades
1515, Human, Male, Medium, 3, Front Beard Dark / VR / Mohawk Dark
1516, Human, Male, Light, 2, Knitted Cap / Mole
1517, Human, Male, Medium, 3, Earring / Knitted Cap / Small Shades
1518, Human, Male, Dark, 3, Classic Shades / Mustache / Knitted Cap
1519, Human, Male, Albino, 1, Messy Hair
1520, Human, Female, Light, 3, Clown Eyes Green / Medical Mask / Mohawk Dark
1521, Human, Male, Light, 2, Mustache / Crazy Hair
1522, Human, Male, Light, 3, Muttonchops / Purple Hair / Classic Shades
1523, Human, Female, Medium, 2, Blue Eye Shadow / Pigtails
1524, Human, Male, Dark, 2, Frumpy Hair / Earring
1525, Human, Male, Albino, 3, Bandana / Normal Beard / Small Shades
1526, Zombie, Male, , 3, Cap / Gold Chain / Eye Patch
1527, Human, Female, Dark, 3, Mole / Black Lipstick / Half Shaved
1528, Human, Male, Dark, 3, Bandana / Front Beard Dark / 3D Glasses
1529, Human, Female, Albino, 2, Red Mohawk / Pipe
1530, Human, Male, Albino, 2, Knitted Cap / Eye Patch
1531, Human, Male, Medium, 2, Peak Spike / Regular Shades
1532, Human, Male, Light, 2, Mohawk Thin / Nerd Glasses
1533, Human, Male, Medium, 2, Cigarette / Headband
1534, Human, Male, Medium, 3, Bandana / Muttonchops / Vape
1535, Human, Female, Dark, 3, Classic Shades / Dark Hair / Earring
1536, Human, Male, Medium, 3, Buck Teeth / Normal Beard / Crazy Hair
1537, Human, Male, Dark, 1, Vampire Hair
1538, Human, Male, Light, 3, Cap / Mustache / Earring
1539, Human, Male, Medium, 2, Mohawk Thin / Classic Shades
1540, Human, Male, Medium, 2, Cigarette / Knitted Cap
1541, Human, Male, Light, 3, Mustache / Crazy Hair / Pipe
1542, Human, Male, Dark, 2, Luxurious Beard / Mohawk Thin
1543, Human, Male, Dark, 2, Eye Mask / Do-rag
1544, Human, Female, Dark, 4, Green Eye Shadow / Half Shaved / Purple Lipstick / Earring
1545, Human, Female, Light, 2, Big Shades / Frumpy Hair
1546, Human, Male, Light, 3, Peak Spike / Handlebars / Regular Shades
1547, Human, Female, Dark, 2, Blonde Short / Choker
1548, Human, Female, Dark, 3, Mohawk Thin / Purple Lipstick / Earring
1549, Human, Male, Medium, 1, Cap Forward
1550, Human, Female, Medium, 2, Knitted Cap / Purple Lipstick
1551, Human, Male, Light, 2, Earring / Shaved Head
1552, Human, Female, Medium, 2, Regular Shades / Dark Hair
1553, Human, Male, Light, 3, Cigarette / Peak Spike / Earring
1554, Human, Female, Medium, 3, Tassle Hat / Vape / Purple Lipstick
1555, Human, Male, Medium, 2, Fedora / Mustache
1556, Human, Female, Dark, 3, Pigtails / Purple Lipstick / Earring
1557, Human, Male, Medium, 2, Muttonchops / Knitted Cap
1558, Human, Male, Dark, 1, Normal Beard Black
1559, Human, Male, Light, 1, Clown Hair Green
1560, Human, Male, Dark, 2, Wild Hair / Smile
1561, Human, Female, Dark, 4, Mole / Clown Hair Green / Hot Lipstick / Earring
1562, Human, Male, Medium, 1, Clown Eyes Blue
1563, Human, Female, Medium, 3, Dark Hair / Earring / Clown Eyes Blue
1564, Human, Male, Dark, 2, Wild Hair / Medical Mask
1565, Human, Male, Light, 2, Handlebars / Wild Hair
1566, Human, Female, Medium, 3, Pipe / Headband / Hot Lipstick
1567, Human, Male, Medium, 3, Eye Mask / Goat / Shaved Head
1568, Human, Male, Dark, 3, Hoodie / Mustache / Clown Eyes Green
1569, Human, Female, Light, 3, Mole / Earring / Mohawk Dark
1570, Human, Male, Dark, 3, Muttonchops / Horned Rim Glasses / Headband
1571, Human, Male, Medium, 2, Cap Forward / Front Beard Dark
1572, Human, Male, Dark, 3, Muttonchops / Crazy Hair / Small Shades
1573, Human, Female, Albino, 2, Black Lipstick / Crazy Hair
1574, Human, Male, Light, 2, Do-rag / 3D Glasses
1575, Human, Male, Medium, 3, Goat / VR / Shaved Head
1576, Human, Male, Medium, 2, Hoodie / Small Shades
1577, Human, Male, Dark, 2, Normal Beard / Clown Hair Green
1578, Human, Female, Medium, 4, Blue Eye Shadow / Medical Mask / Dark Hair / Rosy Cheeks
1579, Human, Female, Albino, 2, Tiara / 3D Glasses
1580, Human, Male, Dark, 3, Messy Hair / Classic Shades / Pipe
1581, Human, Male, Dark, 2, Messy Hair / Muttonchops
1582, Human, Female, Medium, 2, Messy Hair / VR
1583, Human, Female, Medium, 2, Black Lipstick / Straight Hair
1584, Human, Male, Dark, 2, Vampire Hair / Handlebars
1585, Human, Male, Light, 3, Frown / Shaved Head / Small Shades
1586, Human, Male, Light, 2, Horned Rim Glasses / Crazy Hair
1587, Human, Female, Light, 2, Bandana / 3D Glasses
1588, Human, Female, Light, 2, Tassle Hat / Clown Eyes Blue
1589, Human, Male, Medium, 2, Chinstrap / Fedora
1590, Human, Male, Medium, 3, Vampire Hair / Normal Beard Black / Small Shades
1591, Human, Female, Albino, 1, Mohawk Thin
1592, Human, Male, Light, 2, Nerd Glasses / Mohawk Dark
1593, Human, Female, Medium, 2, Red Mohawk / Purple Lipstick
1594, Human, Male, Light, 2, Goat / Mohawk Dark
1595, Human, Female, Dark, 2, Straight Hair Blonde / Clown Eyes Blue
1596, Human, Female, Light, 3, Green Eye Shadow / Blonde Short / Earring
1597, Human, Male, Albino, 2, Messy Hair / Goat
1598, Human, Female, Dark, 4, Tassle Hat / Blue Eye Shadow / Purple Lipstick / Earring
1599, Human, Female, Light, 4, Mohawk Thin / Purple Lipstick / Earring / Clown Eyes Blue
1600, Human, Male, Dark, 3, Vampire Hair / Silver Chain / Goat
1601, Human, Male, Medium, 2, Classic Shades / Knitted Cap
1602, Human, Male, Dark, 3, Mohawk Thin / Goat / Eye Patch
1603, Human, Female, Light, 2, Tiara / Purple Eye Shadow
1604, Human, Female, Medium, 3, Black Lipstick / Wild Hair / Nerd Glasses
1605, Human, Male, Dark, 5, Frown / Shadow Beard / Earring / VR / Shaved Head
1606, Human, Male, Light, 5, Cigarette / Police Cap / Front Beard Dark / Nerd Glasses / Mole
1607, Human, Male, Medium, 3, Handlebars / Earring / Headband
1608, Human, Male, Medium, 4, Cigarette / Normal Beard Black / Eye Patch / Cowboy Hat
1609, Human, Female, Light, 2, Pilot Helmet / Purple Lipstick
1610, Human, Male, Dark, 2, Front Beard Dark / Wild Hair
1611, Human, Male, Dark, 2, Mohawk Thin / VR
1612, Human, Female, Albino, 2, Hot Lipstick / Half Shaved
1613, Human, Male, Dark, 3, Cigarette / Earring / Headband
1614, Human, Male, Light, 3, Frumpy Hair / Handlebars / Earring
1615, Human, Male, Light, 2, Hoodie / Chinstrap
1616, Human, Female, Medium, 2, Black Lipstick / Bandana
1617, Human, Male, Dark, 2, Front Beard Dark / Do-rag
1618, Human, Female, Albino, 3, Clown Eyes Green / Hot Lipstick / Frumpy Hair
1619, Human, Female, Medium, 2, Green Eye Shadow / Stringy Hair
1620, Human, Female, Medium, 3, Earring / Clown Eyes Blue / Cigarette
1621, Human, Female, Dark, 3, Black Lipstick / Clown Hair Green / Cigarette
1622, Human, Male, Dark, 3, Earring / Knitted Cap / Regular Shades
1623, Human, Female, Light, 2, Straight Hair / 3D Glasses
1624, Human, Male, Medium, 4, Bandana / Chinstrap / Earring / Eye Patch
1625, Human, Male, Dark, 2, Cap / Mole
1626, Human, Female, Medium, 3, Messy Hair / Purple Lipstick / 3D Glasses
1627, Human, Male, Medium, 2, Normal Beard Black / Police Cap
1628, Human, Female, Medium, 2, Hot Lipstick / Stringy Hair
1629, Human, Female, Light, 2, Black Lipstick / Pink With Hat
1630, Human, Male, Albino, 2, Shadow Beard / Top Hat
1631, Human, Male, Albino, 2, Police Cap / Small Shades
1632, Human, Male, Medium, 2, Handlebars / Top Hat
1633, Human, Male, Dark, 3, Cigarette / Bandana / Mole
1634, Human, Female, Dark, 4, Mole / Black Lipstick / Wild Blonde / Clown Eyes Blue
1635, Human, Female, Light, 3, Orange Side / Hot Lipstick / Earring
1636, Human, Male, Dark, 5, Cigarette / Normal Beard Black / Frown / Do-rag / Regular Shades
1637, Human, Female, Light, 3, Hot Lipstick / Wild Blonde / 3D Glasses
1638, Human, Male, Light, 2, Front Beard Dark / Do-rag
1639, Human, Male, Dark, 2, Shadow Beard / Mohawk
1640, Human, Male, Medium, 3, Fedora / Mustache / VR
1641, Human, Male, Light, 3, Frown / Knitted Cap / Mole
1642, Human, Male, Light, 3, Normal Beard / Mohawk Dark / Mole
1643, Human, Male, Dark, 2, Frumpy Hair / Smile
1644, Human, Male, Dark, 2, Hoodie / Big Beard
1645, Human, Female, Dark, 3, Tassle Hat / Purple Lipstick / Earring
1646, Human, Male, Light, 3, Luxurious Beard / Earring / Knitted Cap
1647, Human, Male, Dark, 2, Eye Mask / Purple Hair
1648, Human, Female, Medium, 3, Clown Eyes Green / Mohawk Thin / Purple Lipstick
1649, Human, Male, Albino, 4, Shadow Beard / Earring / Crazy Hair / Regular Shades
1650, Human, Male, Light, 3, Messy Hair / Clown Nose / Normal Beard Black
1651, Human, Male, Medium, 3, Beanie / Big Shades / Muttonchops
1652, Human, Female, Dark, 4, Tassle Hat / Hot Lipstick / Earring / Cigarette
1653, Human, Male, Medium, 4, Hoodie / Earring / Normal Beard / Clown Eyes Green
1654, Human, Female, Medium, 2, Mohawk / Medical Mask
1655, Human, Male, Light, 3, Peak Spike / Frown / Clown Eyes Green
1656, Human, Male, Light, 3, Buck Teeth / Purple Hair / Regular Shades
1657, Human, Male, Medium, 2, Cap / Horned Rim Glasses
1658, Zombie, Male, , 1, Stringy Hair
1659, Human, Female, Light, 2, Purple Eye Shadow / Straight Hair
1660, Human, Male, Light, 2, Bandana / Normal Beard
1661, Human, Female, Light, 3, Black Lipstick / Blonde Short / Nerd Glasses
1662, Human, Female, Light, 4, Mole / Purple Eye Shadow / Purple Lipstick / Straight Hair Dark
1663, Human, Male, Albino, 3, Purple Hair / Regular Shades / Mole
1664, Human, Female, Dark, 2, Cap / Purple Lipstick
1665, Human, Male, Albino, 2, Cigarette / Cap Forward
1666, Human, Female, Dark, 3, Regular Shades / Purple Lipstick / Straight Hair Dark
1667, Human, Male, Medium, 2, Frumpy Hair / Luxurious Beard
1668, Human, Male, Dark, 3, Earring / Goat / Mohawk Dark
1669, Human, Female, Medium, 2, Red Mohawk / Welding Goggles
1670, Human, Female, Dark, 3, Purple Eye Shadow / Stringy Hair / Earring
1671, Human, Female, Albino, 2, Blue Eye Shadow / Straight Hair
1672, Human, Female, Medium, 2, Mole / Mohawk Dark
1673, Human, Male, Light, 2, Classic Shades / Headband
1674, Human, Male, Albino, 2, Hoodie / Shadow Beard
1675, Human, Male, Light, 3, Police Cap / Earring / Regular Shades
1676, Human, Male, Medium, 2, Frumpy Hair / Mole
1677, Human, Male, Medium, 1, Front Beard Dark
1678, Human, Female, Medium, 2, Clown Eyes Green / Purple Lipstick
1679, Human, Female, Light, 5, Tassle Hat / Horned Rim Glasses / Purple Lipstick / Earring / Cigarette
1680, Human, Male, Albino, 3, Chinstrap / Vape / Headband
1681, Human, Female, Albino, 1, Red Mohawk
1682, Human, Male, Light, 3, Chinstrap / Top Hat / 3D Glasses
1683, Human, Male, Dark, 3, Big Shades / Mustache / Mohawk Dark
1684, Human, Female, Dark, 2, Orange Side / Choker
1685, Human, Male, Light, 2, Hoodie / Nerd Glasses
1686, Human, Male, Dark, 2, Messy Hair / Big Shades
1687, Human, Male, Dark, 2, Horned Rim Glasses / Top Hat
1688, Human, Female, Medium, 3, Clown Eyes Green / Stringy Hair / Purple Lipstick
1689, Human, Female, Albino, 2, Black Lipstick / Straight Hair
1690, Human, Male, Light, 3, Bandana / Horned Rim Glasses / Mole
1691, Human, Female, Light, 3, Black Lipstick / Clown Eyes Green / Straight Hair
1692, Human, Male, Dark, 3, Cigarette / Shadow Beard / Knitted Cap
1693, Human, Female, Dark, 2, Clown Eyes Green / Crazy Hair
1694, Human, Female, Medium, 3, Black Lipstick / Pink With Hat / Earring
1695, Human, Male, Dark, 3, Chinstrap / Earring / Shaved Head
1696, Human, Male, Medium, 2, Stringy Hair / Shadow Beard
1697, Human, Female, Albino, 3, Mole / Big Shades / Mohawk Thin
1698, Human, Male, Medium, 2, Wild Hair / Clown Eyes Green
1699, Human, Male, Medium, 2, Earring / Shaved Head
1700, Human, Female, Medium, 2, Blue Eye Shadow / Half Shaved
1701, Human, Male, Light, 3, Earring / Horned Rim Glasses / Mohawk
1702, Human, Male, Dark, 3, Front Beard / Frown / Clown Hair Green
1703, Human, Male, Dark, 4, Muttonchops / Rosy Cheeks / Do-rag / 3D Glasses
1704, Human, Male, Light, 3, Cigarette / Peak Spike / Classic Shades
1705, Human, Female, Light, 2, Mohawk / Nerd Glasses
1706, Human, Female, Medium, 2, Red Mohawk / Black Lipstick
1707, Human, Female, Dark, 3, Wild Hair / Purple Lipstick / Clown Eyes Blue
1708, Human, Male, Albino, 1, Fedora
1709, Human, Male, Medium, 2, Front Beard / Peak Spike
1710, Human, Female, Medium, 3, Orange Side / Pipe / Classic Shades
1711, Human, Female, Dark, 2, Eye Mask / Straight Hair Dark
1712, Human, Male, Light, 2, Police Cap / Regular Shades
1713, Human, Female, Medium, 2, Stringy Hair / Earring
1714, Human, Female, Albino, 3, Choker / Straight Hair Blonde / Classic Shades
1715, Human, Female, Light, 2, Green Eye Shadow / Half Shaved
1716, Human, Male, Albino, 2, Mohawk Thin / Shadow Beard
1717, Human, Male, Light, 4, Bandana / Chinstrap / Earring / Eye Patch
1718, Human, Male, Albino, 2, Luxurious Beard / Mole
1719, Human, Male, Albino, 3, Cap Forward / Earring / Nerd Glasses
1720, Human, Male, Medium, 3, Big Shades / Normal Beard / Cowboy Hat
1721, Human, Female, Medium, 3, Black Lipstick / Pigtails / Earring
1722, Human, Male, Light, 3, Normal Beard Black / Fedora / Nerd Glasses
1723, Human, Male, Light, 2, Cap / Nerd Glasses
1724, Human, Female, Dark, 2, Mohawk / Clown Eyes Blue
1725, Human, Female, Medium, 2, Messy Hair / Hot Lipstick
1726, Human, Female, Light, 4, Mole / Vape / Clown Hair Green / Hot Lipstick
1727, Human, Male, Medium, 2, Stringy Hair / 3D Glasses
1728, Human, Male, Dark, 3, Frown / Mohawk Thin / Small Shades
1729, Human, Male, Dark, 3, Luxurious Beard / Gold Chain / Nerd Glasses
1730, Human, Female, Light, 2, Green Eye Shadow / Pink With Hat
1731, Human, Male, Dark, 2, Cap Forward / Eye Patch
1732, Human, Male, Dark, 3, Police Cap / Earring / 3D Glasses
1733, Human, Female, Light, 2, Mohawk Thin / Regular Shades
1734, Human, Female, Medium, 3, Black Lipstick / Clown Eyes Green / Mohawk Thin
1735, Human, Female, Light, 2, Earring / Mohawk Dark
1736, Human, Female, Light, 2, Black Lipstick / Straight Hair Dark
1737, Human, Male, Medium, 2, VR / Mohawk
1738, Human, Female, Dark, 2, Purple Lipstick / Blonde Bob
1739, Human, Male, Dark, 2, VR / Shaved Head
1740, Human, Female, Dark, 2, Bandana / Hot Lipstick
1741, Human, Male, Medium, 1, Big Shades
1742, Human, Female, Dark, 2, Big Shades / Stringy Hair
1743, Human, Male, Light, 2, Big Shades / Wild Hair
1744, Human, Female, Light, 3, Clown Nose / Big Shades / Straight Hair Dark
1745, Human, Male, Medium, 2, Do-rag / 3D Glasses
1746, Human, Female, Albino, 3, Green Eye Shadow / Dark Hair / Earring
1747, Human, Female, Medium, 2, Mohawk / Clown Eyes Green
1748, Zombie, Male, , 3, Front Beard / Frown / Knitted Cap
1749, Human, Female, Dark, 3, Hot Lipstick / Blonde Bob / Nerd Glasses
1750, Human, Female, Dark, 3, Eye Mask / Wild Blonde / Purple Lipstick
1751, Human, Female, Light, 2, Horned Rim Glasses / Pigtails
1752, Human, Female, Light, 3, Black Lipstick / Half Shaved / Earring
1753, Human, Male, Light, 2, Frumpy Hair / Spots
1754, Human, Female, Dark, 2, Mohawk / Clown Eyes Green
1755, Human, Male, Medium, 3, Gold Chain / Crazy Hair / VR
1756, Human, Male, Albino, 3, Cigarette / Front Beard / Knitted Cap
1757, Human, Male, Dark, 2, Nerd Glasses / Shaved Head
1758, Human, Female, Medium, 3, Mohawk / Regular Shades / Earring
1759, Human, Female, Medium, 2, Pilot Helmet / Hot Lipstick
1760, Human, Male, Medium, 3, Cigarette / Cap / Nerd Glasses
1761, Human, Female, Dark, 2, Blue Eye Shadow / Half Shaved
1762, Human, Male, Medium, 4, Frumpy Hair / Earring / Rosy Cheeks / Small Shades
1763, Human, Male, Dark, 3, Muttonchops / Purple Hair / Regular Shades
1764, Human, Male, Light, 3, Frumpy Hair / Big Shades / Earring
1765, Human, Female, Light, 2, Purple Eye Shadow / Clown Hair Green
1766, Human, Female, Light, 2, Straight Hair Blonde / Clown Eyes Blue
1767, Human, Male, Medium, 2, Bandana / Front Beard Dark
1768, Human, Female, Light, 3, Black Lipstick / Crazy Hair / 3D Glasses
1769, Human, Male, Dark, 2, Cap Forward / Mustache
1770, Human, Male, Dark, 3, Frumpy Hair / Smile / Regular Shades
1771, Human, Male, Albino, 3, Cigarette / Cap / Earring
1772, Human, Female, Light, 2, Blue Eye Shadow / Messy Hair
1773, Human, Male, Light, 3, Vampire Hair / Muttonchops / Eye Patch
1774, Human, Male, Medium, 2, Nerd Glasses / Knitted Cap
1775, Human, Female, Medium, 3, Tiara / Purple Eye Shadow / Earring
1776, Human, Female, Albino, 2, Mohawk Thin / Hot Lipstick
1777, Human, Male, Light, 2, Vampire Hair / Gold Chain
1778, Human, Male, Medium, 2, Muttonchops / Do-rag
1779, Human, Female, Light, 3, Cap / Clown Eyes Green / Purple Lipstick
1780, Human, Female, Medium, 2, Wild White Hair / Horned Rim Glasses
1781, Human, Male, Light, 2, Normal Beard / Headband
1782, Human, Male, Dark, 3, Handlebars / Earring / Cowboy Hat
1783, Human, Female, Light, 1, Mohawk Thin
1784, Human, Male, Light, 3, Classic Shades / Crazy Hair / Medical Mask
1785, Human, Male, Light, 2, Wild Hair / Earring
1786, Human, Female, Light, 2, Classic Shades / Wild Hair
1787, Human, Male, Light, 2, Bandana / Small Shades
1788, Human, Male, Medium, 3, Classic Shades / Earring / Mohawk
1789, Human, Female, Light, 2, Purple Eye Shadow / Blonde Short
1790, Human, Male, Albino, 3, Horned Rim Glasses / Headband / Mole
1791, Human, Male, Light, 2, Classic Shades / Mole
1792, Human, Male, Dark, 3, Normal Beard Black / Mohawk Thin / Earring
1793, Human, Female, Medium, 2, Mohawk Thin / Rosy Cheeks
1794, Human, Male, Albino, 3, Frown / Wild Hair / Earring
1795, Human, Female, Medium, 4, Messy Hair / Horned Rim Glasses / Hot Lipstick / Rosy Cheeks
1796, Human, Female, Dark, 3, Black Lipstick / Bandana / Rosy Cheeks
1797, Human, Male, Dark, 4, Muttonchops / Vape / Classic Shades / Mohawk
1798, Human, Male, Medium, 3, Cap Forward / Earring / Medical Mask
1799, Human, Female, Light, 3, Black Lipstick / Classic Shades / Half Shaved
1800, Human, Female, Medium, 4, Mole / Blue Eye Shadow / Stringy Hair / Purple Lipstick
1801, Human, Female, Light, 2, Spots / Crazy Hair
1802, Human, Male, Light, 4, Cigarette / Fedora / Nerd Glasses / Big Beard
1803, Human, Female, Dark, 3, Hot Lipstick / Frumpy Hair / Nerd Glasses
1804, Human, Female, Light, 2, Mole / Messy Hair
1805, Human, Male, Medium, 2, Do-rag / Regular Shades
1806, Human, Female, Light, 3, Eye Patch / Hot Lipstick / Dark Hair
1807, Human, Female, Light, 2, Messy Hair / Purple Eye Shadow
1808, Human, Male, Medium, 3, Front Beard / Messy Hair / Earring
1809, Human, Male, Medium, 3, Cigarette / Cap / Mustache
1810, Human, Male, Medium, 2, Big Shades / Wild Hair
1811, Human, Male, Light, 2, Vampire Hair / Pipe
1812, Human, Male, Medium, 4, Earring / Nerd Glasses / Normal Beard / Headband
1813, Human, Female, Dark, 3, Black Lipstick / Classic Shades / Mohawk Dark
1814, Human, Male, Light, 2, Muttonchops / Knitted Cap
1815, Human, Female, Dark, 2, Mohawk / Green Eye Shadow
1816, Human, Female, Dark, 2, Blonde Short / Cigarette
1817, Human, Female, Albino, 3, Crazy Hair / Purple Lipstick / Earring
1818, Human, Female, Dark, 2, Mole / Blonde Short
1819, Human, Male, Albino, 4, Police Cap / Classic Shades / Earring / Big Beard
1820, Human, Male, Light, 3, Messy Hair / Eye Mask / Big Beard
1821, Human, Female, Medium, 1, Welding Goggles
1822, Human, Male, Dark, 3, Normal Beard Black / Cap / Small Shades
1823, Human, Male, Medium, 3, Earring / Goat / Shaved Head
1824, Human, Male, Light, 2, Normal Beard / Knitted Cap
1825, Human, Male, Dark, 2, Police Cap / Muttonchops
1826, Human, Female, Light, 3, Clown Nose / Horned Rim Glasses / Frumpy Hair
1827, Human, Female, Dark, 2, Green Eye Shadow / Mohawk Thin
1828, Human, Female, Light, 3, Black Lipstick / Earring / Blonde Bob
1829, Human, Female, Light, 2, Classic Shades / Mohawk Dark
1830, Human, Male, Dark, 3, Front Beard Dark / Earring / Knitted Cap
1831, Human, Male, Medium, 4, Bandana / Horned Rim Glasses / Medical Mask / Big Beard
1832, Human, Male, Dark, 2, Messy Hair / Horned Rim Glasses
1833, Human, Male, Dark, 3, Frumpy Hair / Handlebars / Nerd Glasses
1834, Human, Male, Medium, 3, Cap / Earring / Mole
1835, Human, Female, Dark, 3, Blue Eye Shadow / Hot Lipstick / Frumpy Hair
1836, Human, Male, Light, 2, Cap Forward / Horned Rim Glasses
1837, Human, Female, Medium, 2, Black Lipstick / Crazy Hair
1838, Human, Female, Dark, 2, Mohawk Thin / Cigarette
1839, Human, Male, Dark, 6, Cigarette / Mustache / Earring / Nerd Glasses / Knitted Cap / Smile
1840, Human, Male, Light, 3, Cigarette / Earring / Mohawk Dark
1841, Human, Female, Dark, 3, Black Lipstick / Green Eye Shadow / Mohawk Thin
1842, Human, Male, Medium, 2, Bandana / Eye Patch
1843, Human, Male, Albino, 3, Luxurious Beard / Wild Hair / Earring
1844, Human, Female, Light, 2, Blonde Short / Regular Shades
1845, Human, Male, Light, 2, Regular Shades / Mohawk Dark
1846, Human, Male, Dark, 2, Luxurious Beard / Cowboy Hat
1847, Human, Female, Dark, 3, Black Lipstick / Mohawk / Earring
1848, Human, Male, Dark, 2, Stringy Hair / Clown Eyes Blue
1849, Human, Female, Medium, 3, Black Lipstick / Green Eye Shadow / Dark Hair
1850, Human, Female, Light, 2, Black Lipstick / Wild Blonde
1851, Human, Male, Medium, 4, Eye Mask / Frown / Handlebars / Purple Hair
1852, Human, Male, Medium, 2, Earring / Mohawk Dark
1853, Human, Male, Medium, 3, Cap Forward / Front Beard Dark / Earring
1854, Human, Female, Albino, 4, Blonde Short / Welding Goggles / Hot Lipstick / Earring
1855, Human, Female, Dark, 2, Bandana / Earring
1856, Human, Female, Dark, 3, Horned Rim Glasses / Mohawk Thin / Earring
1857, Human, Female, Light, 3, Eye Mask / Black Lipstick / Straight Hair Dark
1858, Human, Male, Light, 2, Stringy Hair / Big Shades
1859, Human, Female, Medium, 2, Purple Eye Shadow / Crazy Hair
1860, Human, Female, Dark, 2, Wild White Hair / Purple Eye Shadow
1861, Human, Female, Medium, 3, Blue Eye Shadow / Messy Hair / Earring
1862, Human, Male, Light, 2, Messy Hair / Eye Patch
1863, Human, Male, Medium, 4, Front Beard Dark / Earring / Shaved Head / Eye Patch
1864, Human, Male, Medium, 3, Clown Eyes Blue / Clown Hair Green / Mole
1865, Human, Female, Light, 2, Blonde Short / Welding Goggles
1866, Human, Female, Light, 2, Purple Lipstick / Blonde Bob
1867, Human, Male, Light, 3, Messy Hair / Muttonchops / Regular Shades
1868, Human, Female, Light, 2, Blue Eye Shadow / Headband
1869, Human, Female, Dark, 2, Wild Blonde / VR
1870, Human, Female, Dark, 2, Knitted Cap / Medical Mask
1871, Human, Male, Light, 2, Headband / Smile
1872, Human, Female, Medium, 2, Regular Shades / Half Shaved
1873, Human, Female, Albino, 2, Straight Hair Dark / Cigarette
1874, Human, Male, Medium, 3, Muttonchops / Earring / Headband
1875, Human, Female, Light, 2, Straight Hair Blonde / Hot Lipstick
1876, Human, Female, Medium, 3, Clown Eyes Green / Hot Lipstick / Wild Blonde
1877, Human, Female, Dark, 3, Knitted Cap / Purple Eye Shadow / Earring
1878, Human, Male, Light, 4, Hoodie / Big Shades / Vape / Earring
1879, Human, Male, Medium, 4, Frumpy Hair / Earring / Nerd Glasses / Normal Beard
1880, Human, Male, Dark, 2, Fedora / Small Shades
1881, Human, Female, Light, 3, Mole / Purple Lipstick / Straight Hair Dark
1882, Human, Male, Medium, 2, Muttonchops / Wild Hair
1883, Human, Female, Light, 1, Purple Lipstick
1884, Human, Male, Albino, 3, Peak Spike / Chinstrap / Silver Chain
1885, Human, Female, Dark, 2, Tassle Hat / Green Eye Shadow
1886, Zombie, Male, , 2, Messy Hair / Shadow Beard
1887, Human, Male, Dark, 2, Police Cap / Nerd Glasses
1888, Human, Female, Medium, 2, Wild Blonde / Earring
1889, Human, Male, Medium, 2, Luxurious Beard / Peak Spike
1890, Human, Male, Dark, 4, Cigarette / Front Beard Dark / Earring / Knitted Cap
1891, Human, Male, Medium, 2, Cigarette / Police Cap
1892, Human, Female, Albino, 1, Cap
1893, Human, Female, Medium, 3, Hot Lipstick / Stringy Hair / Clown Eyes Blue
1894, Human, Male, Medium, 2, Stringy Hair / Eye Mask
1895, Human, Female, Light, 3, Black Lipstick / Bandana / Horned Rim Glasses
1896, Human, Male, Medium, 2, Cap / Nerd Glasses
1897, Human, Male, Medium, 3, Goat / VR / Mohawk Dark
1898, Human, Male, Dark, 3, Front Beard Dark / Earring / Headband
1899, Human, Male, Medium, 2, Frumpy Hair / Normal Beard Black
1900, Human, Female, Medium, 3, Mole / Black Lipstick / Mohawk Dark
1901, Human, Male, Dark, 3, Mustache / Headband / Regular Shades
1902, Human, Female, Dark, 2, Bandana / Purple Lipstick
1903, Human, Male, Medium, 1, Beanie
1904, Human, Male, Medium, 2, Cigarette / Frumpy Hair
1905, Human, Male, Dark, 2, Frumpy Hair / Horned Rim Glasses
1906, Human, Female, Dark, 2, Purple Eye Shadow / Straight Hair Blonde
1907, Human, Female, Dark, 3, Blue Eye Shadow / Dark Hair / Purple Lipstick
1908, Human, Male, Albino, 2, Horned Rim Glasses / Headband
1909, Human, Male, Medium, 3, Bandana / Big Shades / Goat
1910, Human, Female, Medium, 4, Mole / Purple Eye Shadow / Crazy Hair / Earring
1911, Human, Female, Albino, 3, Orange Side / Green Eye Shadow / Cigarette
1912, Human, Male, Light, 3, Peak Spike / Frown / Classic Shades
1913, Human, Female, Light, 3, Straight Hair / Hot Lipstick / Earring
1914, Human, Female, Medium, 4, Gold Chain / Hot Lipstick / Frumpy Hair / Classic Shades
1915, Human, Female, Light, 2, Black Lipstick / Mohawk
1916, Human, Male, Medium, 2, Normal Beard Black / Do-rag
1917, Human, Female, Medium, 2, Purple Eye Shadow / Frumpy Hair
1918, Human, Female, Medium, 3, Hot Lipstick / Earring / Blonde Bob
1919, Human, Male, Light, 2, Peak Spike / Frown
1920, Human, Male, Albino, 3, Earring / Goat / Mohawk Dark
1921, Human, Male, Light, 4, Cap / Earring / Clown Eyes Green / Mole
1922, Human, Male, Albino, 2, Knitted Cap / VR
1923, Human, Male, Medium, 3, Wild Hair / Vape / Goat
1924, Human, Female, Dark, 2, Blue Eye Shadow / Dark Hair
1925, Human, Male, Dark, 2, Hoodie / Classic Shades
1926, Human, Female, Light, 2, Blonde Short / Hot Lipstick
1927, Human, Male, Dark, 2, Mohawk Thin / Muttonchops
1928, Human, Male, Dark, 2, Crazy Hair / Clown Eyes Green
1929, Human, Male, Dark, 2, Police Cap / Front Beard Dark
1930, Human, Female, Dark, 2, Crazy Hair / Clown Eyes Blue
1931, Human, Female, Dark, 2, Pilot Helmet / Earring
1932, Human, Male, Medium, 4, Big Shades / Muttonchops / Wild Hair / Earring
1933, Human, Male, Medium, 2, Knitted Cap / Eye Patch
1934, Human, Male, Medium, 3, Fedora / Normal Beard / Small Shades
1935, Zombie, Male, , 2, Earring / Shaved Head
1936, Human, Female, Light, 2, Hot Lipstick / Half Shaved
1937, Human, Female, Medium, 4, Blue Eye Shadow / Straight Hair / Purple Lipstick / Earring
1938, Human, Male, Dark, 3, Vampire Hair / Muttonchops / Earring
1939, Human, Female, Light, 2, Pipe / Bandana
1940, Human, Female, Dark, 3, Knitted Cap / Black Lipstick / Green Eye Shadow
1941, Human, Male, Medium, 3, Luxurious Beard / Wild Hair / Earring
1942, Human, Male, Light, 2, Bandana / Chinstrap
1943, Human, Male, Dark, 2, Front Beard Dark / Knitted Cap
1944, Human, Female, Medium, 2, Wild Hair / Cigarette
1945, Human, Male, Medium, 3, Messy Hair / Classic Shades / Earring
1946, Human, Male, Dark, 2, Hoodie / Eye Patch
1947, Human, Male, Light, 2, Muttonchops / Shaved Head
1948, Human, Male, Light, 4, Shadow Beard / Classic Shades / Earring / Mohawk Dark
1949, Human, Female, Dark, 3, Vape / Big Shades / Hot Lipstick
1950, Human, Male, Light, 2, Cigarette / Shaved Head
1951, Human, Female, Medium, 3, Half Shaved / VR / Earring
1952, Human, Female, Light, 3, Clown Eyes Green / Pigtails / Purple Lipstick
1953, Human, Female, Dark, 1, Purple Lipstick
1954, Human, Male, Light, 3, Buck Teeth / Muttonchops / Wild Hair
1955, Human, Male, Medium, 4, Chinstrap / Earring / Knitted Cap / Medical Mask
1956, Human, Female, Dark, 2, Wild Blonde / Clown Eyes Blue
1957, Human, Male, Dark, 2, 3D Glasses / Mohawk Dark
1958, Human, Female, Medium, 2, Blonde Short / Hot Lipstick
1959, Human, Female, Medium, 2, Big Shades / Wild Blonde
1960, Human, Male, Light, 2, Cap / Earring
1961, Human, Male, Dark, 3, Front Beard Dark / Earring / Crazy Hair
1962, Human, Female, Light, 3, Green Eye Shadow / Headband / Earring
1963, Human, Female, Medium, 1, Medical Mask
1964, Human, Male, Dark, 1, Big Beard
1965, Human, Male, Dark, 3, Earring / Mohawk / Clown Eyes Green
1966, Human, Male, Albino, 2, Stringy Hair / Normal Beard Black
1967, Human, Female, Medium, 3, Black Lipstick / Choker / Wild Hair
1968, Human, Male, Light, 5, Earring / Regular Shades / Big Beard / Mohawk Dark / Mole
1969, Human, Male, Medium, 2, Messy Hair / Horned Rim Glasses
1970, Human, Male, Dark, 2, Goat / Crazy Hair
1971, Human, Female, Light, 3, Green Eye Shadow / Hot Lipstick / Dark Hair
1972, Human, Female, Light, 2, Choker / Half Shaved
1973, Human, Male, Medium, 2, Cigarette / Horned Rim Glasses
1974, Human, Female, Dark, 4, Red Mohawk / Black Lipstick / Earring / Nerd Glasses
1975, Human, Male, Medium, 3, Front Beard Dark / Do-rag / Clown Eyes Green
1976, Human, Male, Medium, 2, Frumpy Hair / Small Shades
1977, Human, Female, Medium, 2, Mohawk / Green Eye Shadow
1978, Human, Male, Light, 3, Chinstrap / Crazy Hair / Eye Patch
1979, Human, Female, Medium, 2, Red Mohawk / Gold Chain
1980, Human, Female, Dark, 2, Regular Shades / Blonde Bob
1981, Human, Male, Dark, 2, Frumpy Hair / Nerd Glasses
1982, Human, Female, Dark, 3, Green Eye Shadow / Hot Lipstick / Straight Hair Dark
1983, Human, Male, Dark, 3, Normal Beard Black / Cap Forward / Earring
1984, Human, Female, Medium, 4, Black Lipstick / Straight Hair / Earring / Cigarette
1985, Human, Female, Medium, 3, Blonde Short / Hot Lipstick / Clown Eyes Blue
1986, Human, Female, Medium, 3, Wild Blonde / Earring / Clown Eyes Blue
1987, Human, Male, Medium, 3, Stringy Hair / Front Beard Dark / Regular Shades
1988, Human, Female, Dark, 3, Bandana / Clown Eyes Green / Purple Lipstick
1989, Human, Male, Medium, 2, Crazy Hair / Small Shades
1990, Human, Female, Medium, 4, Tassle Hat / Blue Eye Shadow / Purple Lipstick / Earring
1991, Human, Male, Dark, 3, Fedora / Normal Beard / Regular Shades
1992, Human, Male, Dark, 2, Frumpy Hair / Regular Shades
1993, Human, Male, Albino, 2, Luxurious Beard / Crazy Hair
1994, Human, Female, Medium, 2, Classic Shades / Blonde Bob
1995, Human, Male, Dark, 3, Front Beard / Cap / Mole
1996, Human, Female, Medium, 2, Pipe / Dark Hair
1997, Human, Male, Medium, 3, Cigarette / Frumpy Hair / Clown Nose
1998, Human, Male, Dark, 3, Big Shades / Earring / Shaved Head
1999, Human, Male, Dark, 2, Front Beard / Cowboy Hat
